AACG,
AACI,
AADI,
AAL,
AAME,
AAOI,
AAON,
AAWW,
ABCB,
ABCL,
ABCM,
ABEO,
ABGI,
ABMD,
ABNB,
ABOS,
ABSI,
ABST,
ABTX,
ABUS,
ABVC,
ACAD,
ACAH,
ACB,
ACBI,
ACCD,
ACET,
ACEV,
ACGL,
ACHC,
ACHL,
ACHV,
ACIU,
ACIW,
ACLS,
ACMR,
ACNB,
ACQR,
ACRS,
ACRX,
ACST,
ACT,
ACTD,
ACTG,
ACVA,
ADAG,
ADAP,
ADER,
ADES,
ADGI,
ADIL,
ADMA,
ADMP,
ADMS,
ADN,
ADOC,
ADP,
ADPT,
ADSK,
ADTN,
ADUS,
ADV,
ADVM,
ADXS,
AEAC,
AEHA,
AEHR,
AEI,
AEIS,
AEP,
AERI,
AESE,
AEYE,
AEZS,
AFAQ,
AFBI,
AFCG,
AFIB,
AFIN,
AFMD,
AFRM,
AFYA,
AGBA,
AGC,
AGEN,
AGFS,
AGFY,
AGGR,
AGIL,
AGIO,
AGLE,
AGMH,
AGNC,
AGRX,
AGTC,
AGYS,
AHCO,
AHI,
AHPA,
AIH,
AIKI,
AIMC,
AINV,
AIP,
AIRG,
AIRS,
AIRT,
AKAM,
AKBA,
AKIC,
AKRO,
AKTS,
AKTX,
AKU,
AKUS,
AKYA,
ALAC,
ALBO,
ALCO,
ALDX,
ALEC,
ALF,
ALGM,
ALGN,
ALGS,
ALGT,
ALHC,
ALKS,
ALKT,
ALLK,
ALLO,
ALLT,
ALNA,
ALNY,
ALOT,
ALPA,
ALPN,
ALPP,
ALRM,
ALRN,
ALRS,
ALT,
ALTM,
ALTO,
ALTR,
ALTU,
ALVR,
ALXO,
ALYA,
ALZN,
AMAL,
AMAO,
AMAT,
AMBA,
AMCI,
AMCX,
AMD,
AMED,
AMEH,
AMGN,
AMKR,
AMNB,
AMOT,
AMPH,
AMPL,
AMRK,
AMRN,
AMRS,
AMSC,
AMSF,
AMSWA,
AMTB,
AMTI,
AMTX,
AMWD,
AMYT,
ANAB,
ANAT,
ANDE,
ANEB,
ANGI,
ANGN,
ANGO,
ANIK,
ANIP,
ANIX,
ANNX,
ANSS,
ANY,
ANZU,
AOSL,
AOUT,
APA,
APAC,
APEI,
APEN,
API,
APLS,
APLT,
APM,
APMI,
APOG,
APP,
APPF,
APPH,
APPN,
APPS,
APR,
APRE,
APTM,
APTO,
APTX,
APYX,
AQB,
AQMS,
AQST,
ARAV,
ARAY,
ARBE,
ARBG,
ARBK,
ARCB,
ARCC,
ARCE,
ARCT,
ARDX,
AREC,
ARGU,
ARGX,
ARHS,
ARKO,
ARKR,
ARLP,
ARNA,
AROW,
ARQQ,
ARQT,
ARRW,
ARRY,
ARTA,
ARTNA,
ARVL,
ARVN,
ARWR,
ARYD,
ARYE,
ASAX,
ASLE,
ASLN,
ASMB,
ASND,
ASO,
ASPA,
ASPC,
ASPS,
ASPU,
ASRT,
ASRV,
ASTE,
ASTL,
ASTR,
ASTS,
ASUR,
ASYS,
ATAI,
ATAX,
ATCX,
ATEC,
ATER,
ATEX,
ATHA,
ATHX,
ATLC,
ATLO,
ATNF,
ATNI,
ATNX,
ATOM,
ATOS,
ATRA,
ATRC,
ATRI,
ATRO,
ATRS,
ATSG,
ATVC,
ATVI,
ATXS,
ATY,
AUB,
AUBN,
AUDC,
AUGX,
AUID,
AUPH,
AUR,
AURA,
AURC,
AUTL,
AVAH,
AVAV,
AVCO,
AVDL,
AVDX,
AVEO,
AVGR,
AVID,
AVIR,
AVNW,
AVO,
AVPT,
AVRO,
AVT,
AVTE,
AVTX,
AVXL,
AWH,
AWRE,
AXDX,
AXGN,
AXLA,
AXNX,
AXON,
AXSM,
AXTI,
AY,
AYLA,
AYRO,
AYTU,
AZN,
AZPN,
AZYO,
BAND,
BANF,
BANR,
BANX,
BASE,
BATRA,
BATRK,
BBBY,
BBCP,
BBGI,
BBIG,
BBIO,
BBQ,
BBSI,
BCAB,
BCAC,
BCBP,
BCEL,
BCLI,
BCML,
BCOR,
BCOV,
BCOW,
BCPC,
BCRX,
BCTX,
BCYC,
BDSI,
BDSX,
BDTX,
BEAM,
BECN,
BEEM,
BELFA,
BELFB,
BENE,
BFC,
BFI,
BFIN,
BFRA,
BFST,
BGCP,
BGFV,
BGNE,
BGRY,
BHF,
BHSE,
BIDU,
BIGC,
BIIB,
BILI,
BIOC,
BIOL,
BIOT,
BIOX,
BIRD,
BITF,
BIVI,
BJRI,
BKCC,
BKEP,
BKNG,
BKSC,
BL,
BLBD,
BLCT,
BLDE,
BLDP,
BLFS,
BLFY,
BLI,
BLKB,
BLMN,
BLNG,
BLNK,
BLRX,
BLSA,
BLTS,
BLU,
BLUE,
BLZE,
BMAQ,
BMBL,
BMEA,
BMRA,
BMRC,
BMRN,
BMTC,
BNFT,
BNGO,
BNIX,
BNNR,
BNR,
BNTX,
BOKF,
BOLT,
BOMN,
BOOM,
BOTJ,
BOXL,
BPMC,
BPOP,
BPRN,
BPTS,
BRAG,
BRCN,
BREZ,
BRID,
BRIV,
BRKL,
BRKR,
BRKS,
BRLI,
BRLT,
BROG,
BRP,
BRPM,
BRQS,
BRY,
BRZE,
BSBK,
BSET,
BSFC,
BSGA,
BSGM,
BSKY,
BSRR,
BSVN,
BSY,
BTAI,
BTAQ,
BTBT,
BTCS,
BTCY,
BTNB,
BTRS,
BTTX,
BTWN,
BTX,
BUSE,
BVS,
BWAC,
BWAY,
BWB,
BWC,
BWEN,
BWFG,
BWMN,
BWMX,
BYFC,
BYND,
BYRN,
BYSI,
BYTS,
BZ,
BZUN,
CAAS,
CABA,
CAC,
CACC,
CADL,
CAKE,
CALA,
CALB,
CALM,
CALT,
CAMP,
CAMT,
CAN,
CAPR,
CAR,
CARA,
CARE,
CARG,
CASA,
CASH,
CASI,
CASS,
CASY,
CATC,
CATY,
CBAN,
CBAT,
CBAY,
CBFV,
CBNK,
CBRL,
CBSH,
CBTX,
CCAI,
CCAP,
CCB,
CCBG,
CCCC,
CCD,
CCEL,
CCEP,
CCLP,
CCMP,
CCNC,
CCNE,
CCOI,
CCRN,
CCSI,
CCXI,
CD,
CDAK,
CDEV,
CDK,
CDLX,
CDMO,
CDNA,
CDNS,
CDTX,
CDW,
CDXC,
CDXS,
CDZI,
CECE,
CELC,
CELH,
CELU,
CEMI,
CENQ,
CENT,
CENTA,
CENX,
CERE,
CERN,
CERS,
CERT,
CEVA,
CFB,
CFBK,
CFFE,
CFFI,
CFFN,
CFIV,
CFLT,
CFMS,
CFRX,
CFV,
CFVI,
CG,
CGBD,
CGC,
CGEM,
CGEN,
CGNT,
CGNX,
CGO,
CGRN,
CGTX,
CHCO,
CHDN,
CHEF,
CHI,
CHK,
CHKP,
CHMG,
CHNG,
CHPM,
CHRS,
CHRW,
CHTR,
CHUY,
CHW,
CHWA,
CHX,
CHY,
CIDM,
CIFR,
CIGI,
CIH,
CIIG,
CINF,
CIVB,
CIZN,
CKPT,
CLAQ,
CLAR,
CLAY,
CLBK,
CLBS,
CLBT,
CLDX,
CLFD,
CLGN,
CLIR,
CLLS,
CLMT,
CLNE,
CLNN,
CLOE,
CLOV,
CLPS,
CLPT,
CLSD,
CLSK,
CLSN,
CLST,
CLVR,
CLVS,
CLXT,
CMAX,
CMBM,
CMCO,
CMCT,
CME,
CMLS,
CMLT,
CMMB,
CMPI,
CMPR,
CMPS,
CMPX,
CMRX,
CMTL,
CNCE,
CNDT,
CNEY,
CNOB,
CNSL,
CNTA,
CNTB,
CNTG,
CNTQ,
CNTX,
CNTY,
CNXC,
CNXN,
COCO,
COCP,
CODA,
CODX,
COFS,
COGT,
COHR,
COHU,
COIN,
COKE,
COLB,
COLI,
COLL,
COLM,
COMM,
COMS,
CONE,
CONN,
CONX,
COOL,
COOP,
CORT,
COUP,
COVA,
COWN,
CPAA,
CPAR,
CPHC,
CPLP,
CPOP,
CPRT,
CPRX,
CPSH,
CPSI,
CPSS,
CPZ,
CRAI,
CRBP,
CRBU,
CRCT,
CRDF,
CRDL,
CRESY,
CRIS,
CRKN,
CRMD,
CRMT,
CRNC,
CRNT,
CRNX,
CRON,
CROX,
CRSP,
CRSR,
CRTO,
CRTX,
CRUS,
CRVL,
CRVS,
CRWD,
CRWS,
CRXT,
CRZN,
CSBR,
CSCW,
CSGP,
CSGS,
CSII,
CSIQ,
CSQ,
CSSE,
CSTE,
CSTL,
CSTR,
CSWC,
CSWI,
CSX,
CTAQ,
CTAS,
CTBI,
CTG,
CTHR,
CTIC,
CTKB,
CTLP,
CTMX,
CTRE,
CTRM,
CTRN,
CTSH,
CTSO,
CTXR,
CTXS,
CUE,
CULL,
CURI,
CUTR,
CVAC,
CVBF,
CVCO,
CVCY,
CVET,
CVGI,
CVGW,
CVLG,
CVLT,
CVLY,
CVRX,
CWBC,
CWCO,
CWST,
CXDO,
CYAD,
CYBE,
CYBR,
CYCN,
CYN,
CYRX,
CYT,
CYTK,
CYXT,
CZNC,
CZR,
CZWI,
DADA,
DAKT,
DALS,
DARE,
DATS,
DAWN,
DBDR,
DBTX,
DBVT,
DBX,
DCBO,
DCGO,
DCOM,
DCPH,
DCRC,
DCRD,
DCRN,
DCT,
DCTH,
DDI,
DDMX,
DDOG,
DENN,
DERM,
DFH,
DGHI,
DGICA,
DGICB,
DGII,
DGLY,
DGNS,
DGNU,
DH,
DHBC,
DHBCU,
DHC,
DHCA,
DHHC,
DHIL,
DIBS,
DICE,
DILA,
DIOD,
DISA,
DISCA,
DISCB,
DISCK,
DISH,
DJCO,
DKDCA,
DKNG,
DLCA,
DLHC,
DLO,
DLPN,
DLTH,
DLTR,
DMAC,
DMLP,
DMRC,
DMTK,
DNAA,
DNAB,
DNAC,
DNAD,
DNAY,
DNLI,
DNUT,
DOCU,
DOGZ,
DOMO,
DOOO,
DORM,
DOX,
DOYU,
DPRO,
DRAY,
DRIO,
DRNA,
DRRX,
DRTT,
DRUG,
DRVN,
DSAC,
DSEY,
DSGN,
DSGX,
DSKE,
DSP,
DSPG,
DSWL,
DTEA,
DTIL,
DTOC,
DUNE,
DUO,
DUOL,
DVAX,
DWAC,
DWSN,
DXCM,
DXLG,
DXPE,
DXYN,
DYAI,
DYN,
DYNS,
DZSI,
EA,
EAC,
EAR,
EBAC,
EBAY,
EBC,
EBET,
EBIX,
EBMT,
EBON,
EBTC,
ECHO,
ECOL,
ECOR,
ECPG,
EDAP,
EDIT,
EDNC,
EDSA,
EDTX,
EDUC,
EEFT,
EFSC,
EFTR,
EGAN,
EGBN,
EGLE,
EGLX,
EGRX,
EH,
EHTH,
EIGR,
EJFA,
EJH,
ELDN,
ELEV,
ELMS,
ELOX,
ELYM,
ELYS,
EM,
EMBK,
EMCF,
EMKR,
EML,
ENDP,
ENFA,
ENG,
ENJY,
ENLV,
ENNV,
ENOB,
ENPH,
ENSG,
ENTA,
ENTG,
ENTX,
ENVI,
ENVX,
EOLS,
EOSE,
EPAY,
EPHY,
EPIX,
EPSN,
EPZM,
EQ,
EQBK,
EQIX,
EQOS,
ERAS,
ERES,
ERIC,
ERIE,
ERII,
ERYP,
ESBK,
ESCA,
ESEA,
ESGR,
ESLT,
ESPR,
ESQ,
ESSA,
ESSC,
ESTA,
ESXB,
ETAC,
ETNB,
ETON,
ETSY,
ETTX,
EUCR,
EUSG,
EVAX,
EVBG,
EVCM,
EVER,
EVFM,
EVGN,
EVGO,
EVLO,
EVLV,
EVO,
EVOJ,
EVOP,
EWBC,
EWCZ,
EWTX,
EXAI,
EXAS,
EXC,
EXEL,
EXFY,
EXLS,
EXPD,
EXPE,
EXPI,
EXPO,
EXTR,
EYE,
EYEN,
EYES,
EYPT,
EZFL,
EZPW,
FA,
FANG,
FANH,
FARM,
FARO,
FAST,
FAT,
FATBB,
FATE,
FBIO,
FBIZ,
FBMS,
FBNC,
FCAP,
FCBC,
FCCO,
FCCY,
FCEL,
FCFS,
FCNCA,
FCRD,
FCUV,
FDBC,
FDMT,
FDUS,
FEIM,
FELE,
FEMY,
FENC,
FFBC,
FFBW,
FFIC,
FFIE,
FFIN,
FFIV,
FFNW,
FFWM,
FGBI,
FGEN,
FHB,
FHTX,
FIBK,
FICV,
FINM,
FINW,
FISI,
FISV,
FITB,
FIVE,
FIVN,
FIXX,
FIZZ,
FLAC,
FLDM,
FLEX,
FLGC,
FLGT,
FLIC,
FLL,
FLMN,
FLNC,
FLNT,
FLUX,
FLWS,
FLXN,
FLXS,
FLYW,
FMAO,
FMBH,
FMBI,
FMIV,
FMNB,
FMTX,
FNCB,
FNCH,
FNKO,
FNLC,
FNWB,
FNWD,
FOCS,
FOLD,
FONR,
FORA,
FORE,
FORM,
FORR,
FORTY,
FOSL,
FOX,
FOXA,
FOXF,
FOXW,
FPAY,
FRAF,
FRBA,
FRBK,
FREE,
FREQ,
FRG,
FRGI,
FRHC,
FRLN,
FRME,
FROG,
FRON,
FRPH,
FRPT,
FRSG,
FRSH,
FRST,
FRSX,
FRTA,
FRW,
FSBC,
FSBW,
FSEA,
FSFG,
FSII,
FSLR,
FSRX,
FSSI,
FSTR,
FSTX,
FSV,
FTAA,
FTCI,
FTCV,
FTDR,
FTEK,
FTFT,
FTHM,
FTNT,
FTPA,
FTRP,
FTVI,
FULC,
FULT,
FUNC,
FUND,
FUSB,
FUSN,
FUTU,
FUV,
FVAM,
FVCB,
FVE,
FWAC,
FWONA,
FWONK,
FWRD,
FWRG,
FXNC,
FYBR,
GABC,
GACQ,
GAIA,
GAIN,
GALT,
GAMB,
GAMC,
GAN,
GANX,
GASS,
GBCI,
GBDC,
GBIO,
GBLI,
GBNH,
GBOX,
GBT,
GCAC,
GCBC,
GCMG,
GDEN,
GDEV,
GDRX,
GDS,
GDYN,
GECC,
GEG,
GENC,
GEOS,
GERN,
GET,
GEVO,
GFED,
GFS,
GGAL,
GGGV,
GGMC,
GGPI,
GH,
GHAC,
GHRS,
GIAC,
GIFI,
GIG,
GIII,
GIIX,
GILD,
GILT,
GIW,
GLAD,
GLAQ,
GLBE,
GLBL,
GLBS,
GLDD,
GLEE,
GLG,
GLHA,
GLMD,
GLNG,
GLPG,
GLPI,
GLRE,
GLSI,
GLTO,
GLUE,
GLYC,
GMAB,
GMBL,
GMBT,
GMDA,
GMII,
GMTX,
GNAC,
GNCA,
GNFT,
GNLN,
GNOG,
GNPX,
GNSS,
GNTX,
GNTY,
GNUS,
GO,
GOBI,
GOCO,
GOEV,
GOGL,
GOGO,
GOOD,
GOSS,
GP,
GPAC,
GPCO,
GPP,
GPRE,
GPRO,
GRAY,
GRBK,
GRCL,
GRCY,
GREE,
GRFS,
GRIN,
GRMN,
GRNQ,
GROW,
GRPH,
GRPN,
GRTS,
GRUB,
GRVI,
GRVY,
GRWG,
GSAQ,
GSBC,
GSEV,
GSHD,
GSIT,
GSKY,
GSM,
GSMG,
GT,
GTACU,
GTBP,
GTEC,
GTH,
GTHX,
GTIM,
GTLB,
GTPA,
GTPB,
GTX,
GTYH,
GURE,
GWGH,
GWII,
GWRS,
GXII,
HA,
HAAC,
HAFC,
HAIN,
HALL,
HALO,
HARP,
HAS,
HAYN,
HBAN,
HBCP,
HBIO,
HBMD,
HBNC,
HBP,
HBT,
HCAQ,
HCAR,
HCAT,
HCCC,
HCCI,
HCIC,
HCII,
HCKT,
HCM,
HCNE,
HCSG,
HCTI,
HCWB,
HDSN,
HEAR,
HEES,
HELE,
HEPA,
HEPS,
HERA,
HEXO,
HFBL,
HFFG,
HFWA,
HGBL,
HGEN,
HGSH,
HHR,
HIBB,
HIFS,
HIII,
HIMX,
HITI,
HIVE,
HLAH,
HLBZ,
HLG,
HLIT,
HLMN,
HLNE,
HLTH,
HLXA,
HMCO,
HMHC,
HMNF,
HMPT,
HMST,
HMTV,
HNNA,
HNRG,
HNST,
HOFT,
HOFV,
HOLI,
HOLX,
HOMB,
HON,
HONE,
HOOD,
HOOK,
HOPE,
HOWL,
HPK,
HQI,
HQY,
HRMY,
HROW,
HRTX,
HRZN,
HSAQ,
HSIC,
HSII,
HSKA,
HSON,
HST,
HSTM,
HTBI,
HTBK,
HTBX,
HTHT,
HTLD,
HTLF,
HTOO,
HTZ,
HUBG,
HUDI,
HUGE,
HUIZ,
HUMA,
HURC,
HURN,
HUT,
HWBK,
HWC,
HWEL,
HWKN,
HX,
HYAC,
HYFM,
HYRE,
HYW,
HYZN,
HZNP,
IAC,
IART,
IAS,
IBCP,
IBEX,
IBKR,
IBOC,
IBRX,
IBTX,
ICAD,
ICBK,
ICCC,
ICCH,
ICCM,
ICFI,
ICHR,
ICLK,
ICLR,
ICMB,
ICPT,
ICUI,
ICVX,
IDBA,
IDCC,
IDEX,
IDN,
IDXX,
IDYA,
IEA,
IEP,
IESC,
IFRX,
IGAC,
IGIC,
IGMS,
IGNY,
IHRT,
III,
IIII,
IIIV,
IIN,
IIVI,
IKNA,
IKNX,
ILMN,
ILPT,
IMAB,
IMAQ,
IMBI,
IMCC,
IMCR,
IMGN,
IMGO,
IMKTA,
IMMP,
IMMR,
IMNM,
IMOS,
IMPL,
IMRA,
IMRX,
IMTX,
IMUX,
IMV,
IMVT,
IMXI,
INAB,
INBK,
INBX,
INCR,
INCY,
INDB,
INDI,
INDT,
INFI,
INFN,
INGN,
INKA,
INKT,
INMB,
INMD,
INNV,
INO,
INOD,
INOV,
INPX,
INSE,
INSG,
INSM,
INTA,
INTG,
INTU,
INTZ,
INVA,
INVE,
INVZ,
INZY,
IOBT,
IONM,
IONS,
IOSP,
IOVA,
IPA,
IPAR,
IPGP,
IPHA,
IPSC,
IPVI,
IPW,
IPWR,
IQ,
IRBT,
IRCP,
IRDM,
IREN,
IRIX,
IRMD,
IROQ,
IRTC,
IRWD,
ISAA,
ISBC,
ISEE,
ISLE,
ISO,
ISRG,
ISSC,
ISTR,
ISUN,
ITCI,
ITHX,
ITI,
ITIC,
ITMR,
ITOS,
ITQ,
ITRI,
ITRM,
ITRN,
IVA,
IVAC,
IZEA,
JACK,
JAGX,
JAKK,
JAMF,
JANX,
JAQC,
JAZZ,
JBHT,
JBLU,
JBSS,
JCIC,
JD,
JFIN,
JFU,
JG,
JJSF,
JKHY,
JNCE,
JOAN,
JOBS,
JOFF,
JOUT,
JRSH,
JRVR,
JSPR,
JUGG,
JWEL,
JYAC,
JYNT,
KAII,
KAIR,
KALA,
KALU,
KALV,
KARO,
KBAL,
KC,
KDNY,
KDP,
KE,
KELYA,
KELYB,
KFFB,
KFRC,
KHC,
KIDS,
KIII,
KINS,
KINZ,
KIRK,
KLAC,
KLAQ,
KLDO,
KLIC,
KLTR,
KMDA,
KMPH,
KNBE,
KNDI,
KNSA,
KNSL,
KNTE,
KOD,
KOPN,
KOR,
KOSS,
KPLT,
KPTI,
KRKR,
KRMD,
KRNL,
KRNT,
KRNY,
KRON,
KROS,
KRT,
KRTX,
KRUS,
KRYS,
KSI,
KTCC,
KTOS,
KURA,
KVHI,
KVSA,
KVSC,
KXIN,
KYMR,
KZIA,
KZR,
LAAA,
LABP,
LAKE,
LAMR,
LANC,
LAND,
LANDM,
LARK,
LASR,
LAUR,
LAWS,
LAZR,
LAZY,
LBAI,
LBC,
LBPH,
LBPS,
LBRDA,
LBRDK,
LBTYA,
LBTYB,
LBTYK,
LCA,
LCAA,
LCAP,
LCID,
LCNB,
LCUT,
LDHA,
LE,
LECO,
LEE,
LEGA,
LEGH,
LEGN,
LESL,
LEVL,
LFMD,
LFST,
LFTR,
LFUS,
LFVN,
LGAC,
LGHL,
LGIH,
LGND,
LGO,
LGVN,
LHAA,
LHCG,
LHDX,
LI,
LIAN,
LIDR,
LIFE,
LILA,
LILAK,
LILM,
LINC,
LIND,
LINK,
LIQT,
LITE,
LITM,
LITT,
LIVE,
LIVN,
LIZI,
LJAQ,
LJPC,
LKCO,
LKFN,
LKQ,
LLNW,
LMACA,
LMAO,
LMAT,
LMB,
LMDX,
LMFA,
LMNR,
LMPX,
LMRK,
LMST,
LNDC,
LNSR,
LNT,
LNTH,
LOAN,
LOB,
LOCO,
LOGC,
LOGI,
LOOP,
LOPE,
LOTZ,
LOVE,
LPCN,
LPLA,
LPRO,
LPSN,
LPTX,
LQDA,
LQDT,
LRCX,
LRFC,
LRMR,
LSBK,
LSCC,
LSEA,
LSTR,
LSXMA,
LSXMB,
LSXMK,
LTBR,
LTCH,
LTRN,
LTRPA,
LTRPB,
LTRX,
LTRY,
LUCD,
LULU,
LUMO,
LUNA,
LUNG,
LUXA,
LVLU,
LVO,
LVOX,
LVRA,
LVTX,
LWAY,
LWLG,
LX,
LXEH,
LXRX,
LYEL,
LYFT,
LYLT,
LYRA,
LYTS,
LZ,
MACA,
MACK,
MACQ,
MACU,
MANH,
MANT,
MAPS,
MAQC,
MAR,
MARA,
MARK,
MASI,
MASS,
MAT,
MATW,
MAXN,
MAYS,
MBCN,
MBII,
MBIN,
MBIO,
MBRX,
MBTC,
MBUU,
MBWM,
MCAE,
MCAF,
MCBC,
MCBS,
MCFE,
MCFT,
MCHP,
MCHX,
MCMJ,
MCRB,
MCRI,
MDB,
MDGL,
MDLZ,
MDNA,
MDRX,
MDVL,
MDWD,
MDWT,
MDXG,
MDXH,
ME,
MEAC,
MEDP,
MEIP,
MEKA,
MELI,
MEOA,
MEOH,
MERC,
MESA,
MESO,
METC,
METX,
MF,
MFIN,
MGEE,
MGI,
MGIC,
MGLN,
MGNI,
MGNX,
MGPI,
MGRC,
MGTA,
MGTX,
MGYR,
MHLD,
MICT,
MIDD,
MIGI,
MILE,
MIME,
MINM,
MIRM,
MIRO,
MIST,
MITA,
MITC,
MITK,
MITO,
MKD,
MKSI,
MKTW,
MKTX,
MLAB,
MLAC,
MLCO,
MLKN,
MLVF,
MMAT,
MMLP,
MMMB,
MMSI,
MMYT,
MNDO,
MNDT,
MNDY,
MNKD,
MNMD,
MNOV,
MNPR,
MNRO,
MNSB,
MNST,
MNTK,
MNTS,
MNTV,
MNTX,
MODV,
MOFG,
MOGO,
MOLN,
MOMO,
MON,
MOR,
MORF,
MORN,
MOVE,
MOXC,
MPAA,
MPAC,
MPB,
MPWR,
MQ,
MRAI,
MRAM,
MRBK,
MRCC,
MRCY,
MREO,
MRIN,
MRKR,
MRLN,
MRNA,
MRNS,
MRSN,
MRTN,
MRTX,
MRUS,
MRVI,
MRVL,
MSAC,
MSBI,
MSDA,
MSEX,
MSGM,
MSTR,
MTAC,
MTBC,
MTCH,
MTEM,
MTEX,
MTLS,
MTRX,
MTSI,
MTTR,
MU,
MUDS,
MULN,
MVBF,
MVIS,
MVST,
MXCT,
MYFW,
MYGN,
MYMD,
MYNA,
MYNZ,
MYPS,
MYRG,
NAAC,
NAII,
NAKD,
NARI,
NATH,
NATI,
NATR,
NAUT,
NAVI,
NBEV,
NBIX,
NBN,
NBRV,
NBSE,
NBST,
NBTB,
NBTX,
NCBS,
NCMI,
NCNA,
NCNO,
NCSM,
NCTY,
NDAC,
NDAQ,
NDLS,
NDSN,
NECB,
NEO,
NEOG,
NEON,
NEPH,
NEPT,
NESR,
NEWT,
NEXI,
NEXT,
NFBK,
NFE,
NGCA,
NGM,
NGMS,
NH,
NHTC,
NICE,
NICK,
NISN,
NIU,
NKLA,
NKSH,
NKTR,
NKTX,
NLIT,
NLOK,
NLTX,
NMFC,
NMIH,
NMMC,
NMRD,
NMRK,
NMTR,
NN,
NNBR,
NNDM,
NNOX,
NOAC,
NODK,
NOTV,
NOVN,
NOVT,
NOVV,
NPCE,
NRAC,
NRC,
NRDS,
NRIM,
NRIX,
NRXP,
NSIT,
NSSC,
NSTG,
NTAP,
NTCT,
NTGR,
NTIC,
NTLA,
NTNX,
NTRA,
NTRS,
NTUS,
NTWK,
NUAN,
NUVA,
NUVL,
NUZE,
NVAX,
NVCR,
NVEC,
NVEE,
NVEI,
NVMI,
NVNO,
NVSA,
NVTS,
NVVE,
NWBI,
NWE,
NWFL,
NWL,
NWLI,
NWPX,
NWS,
NWSA,
NXGN,
NXPI,
NXST,
NXTC,
NXTP,
NYMT,
NYMX,
NYXH,
OAS,
OB,
OBAS,
OBCI,
OBNK,
OBSV,
OBT,
OCAX,
OCDX,
OCFC,
OCG,
OCGN,
OCSL,
OCUL,
OCUP,
OCX,
ODFL,
ODP,
ODT,
OEG,
OEPW,
OESX,
OFED,
OFIX,
OFLX,
OFS,
OGI,
OHPA,
OIIM,
OKTA,
OLED,
OLK,
OLLI,
OLMA,
OLPX,
OM,
OMAB,
OMCL,
OMEG,
OMER,
OMEX,
OMGA,
OMIC,
OMP,
OMQS,
ON,
ONB,
ONCR,
ONCS,
ONCT,
ONCY,
ONDS,
ONEM,
ONEW,
ONTX,
OPBK,
OPCH,
OPEN,
OPGN,
OPI,
OPK,
OPNT,
OPOF,
OPRA,
OPRT,
OPRX,
OPT,
OPTN,
ORGN,
ORGO,
ORGS,
ORIA,
ORIC,
ORLY,
ORMP,
ORPH,
ORRF,
ORTX,
OSBC,
OSIS,
OSMT,
OSPN,
OSS,
OSTK,
OSTR,
OSUR,
OSW,
OTEC,
OTEX,
OTIC,
OTLK,
OTLY,
OTMO,
OTRK,
OTTR,
OVBC,
OVID,
OVLY,
OXAC,
OXLC,
OXSQ,
OXUS,
OYST,
OZK,
OZON,
PAA,
PAAS,
PACB,
PACW,
PACX,
PAE,
PAFO,
PAGP,
PAHC,
PAIC,
PANA,
PANL,
PANW,
PAQC,
PASG,
PATK,
PAVM,
PAX,
PAYA,
PAYO,
PAYS,
PAYX,
PBCT,
PBFS,
PBHC,
PBIP,
PBPB,
PBYI,
PCAR,
PCB,
PCH,
PCOM,
PCRX,
PCSA,
PCSB,
PCT,
PCTI,
PCTY,
PCVX,
PCYG,
PCYO,
PDCE,
PDCO,
PDD,
PDEX,
PDFS,
PDLB,
PDSB,
PEBK,
PEBO,
PECO,
PEGA,
PENN,
PERI,
PESI,
PETQ,
PETS,
PETZ,
PFBC,
PFC,
PFDR,
PFG,
PFHD,
PFIE,
PFIS,
PFLT,
PFMT,
PFSW,
PFTA,
PFX,
PGC,
PGEN,
PGNY,
PGRW,
PHAR,
PHAS,
PHAT,
PHIC,
PHUN,
PHVS,
PI,
PIK,
PINC,
PIRS,
PKBK,
PKOH,
PLAB,
PLAY,
PLBC,
PLBY,
PLCE,
PLL,
PLMI,
PLMR,
PLPC,
PLRX,
PLSE,
PLTK,
PLUG,
PLUS,
PLXP,
PLXS,
PLYA,
PMCB,
PME,
PMGM,
PMTS,
PMVP,
PNBK,
PNFP,
PNNT,
PNRG,
PNT,
PNTG,
PODD,
POLA,
PONO,
POOL,
POSH,
POW,
POWI,
POWL,
POWW,
PPBI,
PPBT,
PPC,
PPD,
PPGH,
PPIH,
PPSI,
PPTA,
PRAA,
PRAX,
PRCH,
PRCT,
PRDO,
PRFT,
PRGS,
PRIM,
PRLD,
PROC,
PROF,
PROG,
PROV,
PRPH,
PRPL,
PRQR,
PRSR,
PRTA,
PRTC,
PRTG,
PRTH,
PRTK,
PRTS,
PRVA,
PRVB,
PSAG,
PSEC,
PSMT,
PSNL,
PSTI,
PSTX,
PTC,
PTCT,
PTEN,
PTGX,
PTIC,
PTLO,
PTMN,
PTNR,
PTOC,
PTON,
PTRA,
PTRS,
PTSI,
PTVE,
PUBM,
PUCK,
PUYI,
PVBC,
PWFL,
PWOD,
PWP,
PXLW,
PYCR,
PYPD,
PYR,
PYXS,
PZZA,
QCRH,
QDEL,
QFIN,
QH,
QIPT,
QIWI,
QLI,
QLYS,
QMCO,
QNST,
QQQX,
QRHC,
QRTEA,
QRTEB,
QRVO,
QSI,
QTNT,
QTRX,
QTT,
QUBT,
QUIK,
QURE,
RACB,
RADA,
RADI,
RAIL,
RAIN,
RAM,
RANI,
RAPT,
RARE,
RAVN,
RBB,
RBBN,
RBCAA,
RBKB,
RBNC,
RCAT,
RCEL,
RCHG,
RCII,
RCKT,
RCKY,
RCLF,
RCM,
RCMT,
RDBX,
RDCM,
RDFN,
RDHL,
RDI,
RDIB,
RDNT,
RDUS,
RDVT,
RDWR,
REAL,
REAX,
REE,
REFR,
REG,
REGI,
REGN,
REKR,
RELL,
RELY,
RENT,
REPH,
REPL,
RESN,
RETA,
RETO,
REVE,
REVH,
REYN,
RFIL,
RGC,
RGCO,
RGEN,
RGF,
RGLD,
RGNX,
RGP,
RICK,
RICO,
RIDE,
RIGL,
RILY,
RIOT,
RIVE,
RIVN,
RKLB,
RLAY,
RLMD,
RLYB,
RMBI,
RMBL,
RMBS,
RMCF,
RMGC,
RMNI,
RMR,
RNA,
RNDB,
RNLX,
RNST,
RNW,
RNWK,
RNXT,
ROAD,
ROCC,
ROCK,
ROCR,
ROIC,
ROIV,
ROKU,
ROLL,
ROOT,
ROST,
ROVR,
RPAY,
RPD,
RPHM,
RPID,
RPRX,
RPTX,
RRBI,
RRGB,
RRR,
RSSS,
RSVR,
RTLR,
RUBY,
RUN,
RUSHA,
RUSHB,
RUTH,
RVAC,
RVMD,
RVNC,
RVSB,
RWAY,
RWLK,
RXDX,
RXRA,
RXRX,
RXST,
RXT,
RYAAY,
RYTM,
RZLT,
SABR,
SABS,
SAFM,
SAFT,
SAGE,
SAIA,
SAL,
SALM,
SAMG,
SANA,
SANM,
SANW,
SASR,
SATS,
SAVA,
SBAC,
SBCF,
SBEA,
SBET,
SBFG,
SBGI,
SBLK,
SBNY,
SBRA,
SBSI,
SBT,
SBTX,
SBUX,
SCAQ,
SCHL,
SCHN,
SCLE,
SCOA,
SCOB,
SCOR,
SCPH,
SCPL,
SCPS,
SCSC,
SCVL,
SCWX,
SCYX,
SDAC,
SDC,
SDGR,
SDH,
SDIG,
SEAT,
SECO,
SEDG,
SEED,
SEEL,
SEER,
SEIC,
SELB,
SELF,
SENEA,
SENEB,
SERA,
SESN,
SEV,
SEVN,
SFBC,
SFIX,
SFM,
SFNC,
SFST,
SFT,
SGA,
SGC,
SGEN,
SGH,
SGHT,
SGML,
SGMO,
SGMS,
SGRY,
SGTX,
SHAC,
SHBI,
SHC,
SHCR,
SHEN,
SHIP,
SHLS,
SHOO,
SHQA,
SHYF,
SIBN,
SIEB,
SIEN,
SIER,
SIFY,
SIGA,
SIGI,
SILC,
SILK,
SIMO,
SINO,
SIOX,
SIRI,
SITM,
SIVB,
SJ,
SKIN,
SKYA,
SKYT,
SKYW,
SLAB,
SLAM,
SLCR,
SLDB,
SLGC,
SLGG,
SLGL,
SLGN,
SLHG,
SLM,
SLN,
SLNG,
SLNH,
SLNO,
SLP,
SLRC,
SLS,
SLVR,
SMBC,
SMBK,
SMCI,
SMED,
SMFR,
SMID,
SMIH,
SMLR,
SMMF,
SMMT,
SMPL,
SMSI,
SMTC,
SMTI,
SNBR,
SNCE,
SNCR,
SNCY,
SND,
SNDL,
SNDX,
SNEX,
SNFCA,
SNPO,
SNPS,
SNPX,
SNRH,
SNSE,
SNT,
SNY,
SOFI,
SOFIW,
SOHU,
SOLO,
SOLY,
SONO,
SOPA,
SOPH,
SOTK,
SOVO,
SP,
SPFI,
SPI,
SPK,
SPKB,
SPLK,
SPNE,
SPNS,
SPOK,
SPPI,
SPRB,
SPRO,
SPSC,
SPT,
SPTK,
SPTN,
SPWH,
SPWR,
SRAD,
SRAX,
SRCE,
SRCL,
SRDX,
SREV,
SRGA,
SRNE,
SRPT,
SRRA,
SRRK,
SRSA,
SRTS,
SRZN,
SSAA,
SSB,
SSBI,
SSBK,
SSKN,
SSNC,
SSP,
SSRM,
SSSS,
SSTI,
SSYS,
STAA,
STAB,
STBA,
STCN,
STEP,
STER,
STFC,
STGW,
STIM,
STKL,
STKS,
STLD,
STNE,
STOK,
STRA,
STRC,
STRL,
STRM,
STRN,
STRO,
STRS,
STRT,
STSA,
STTK,
STX,
STXB,
SUMO,
SUNS,
SUNW,
SUPN,
SURF,
SV,
SVC,
SVFA,
SVFB,
SVFC,
SVOK,
SVOKU,
SVRA,
SWAG,
SWAV,
SWBI,
SWET,
SWIM,
SWIR,
SWKH,
SWKS,
SWSS,
SWTX,
SY,
SYBT,
SYBX,
SYNA,
SYNH,
SYNL,
SYPR,
SYRS,
TA,
TACO,
TACT,
TALK,
TALS,
TARA,
TARS,
TASK,
TAST,
TATT,
TBBK,
TBCP,
TBK,
TBLA,
TBLT,
TBNK,
TBPH,
TBSA,
TCAC,
TCBC,
TCBI,
TCBK,
TCBS,
TCBX,
TCDA,
TCFC,
TCMD,
TCOM,
TCON,
TCPC,
TCRR,
TCRX,
TCVA,
TCX,
TDUP,
TEAM,
TECH,
TEKK,
TELA,
TENB,
TER,
TERN,
TESS,
TETC,
TFFP,
TFSL,
TGA,
TGLS,
TGTX,
TH,
THCA,
THCP,
THFF,
THMA,
THRM,
THRN,
THRX,
THRY,
THTX,
TIG,
TIGO,
TIGR,
TIL,
TILE,
TIOA,
TIPT,
TITN,
TKNO,
TLIS,
TLMD,
TLRY,
TLS,
TLSA,
TMC,
TMCI,
TMDI,
TMDX,
TMKR,
TMPM,
TMUS,
TNDM,
TNGX,
TNXP,
TNYA,
TOI,
TOUR,
TOWN,
TPBA,
TPIC,
TPST,
TPTX,
TRDA,
TREE,
TRHC,
TRIN,
TRIP,
TRIT,
TRKA,
TRMB,
TRMD,
TRMK,
TRMR,
TRNS,
TRON,
TROO,
TROW,
TRS,
TRST,
TRUE,
TRUP,
TRVG,
TRVN,
TSBK,
TSC,
TSCAP,
TSCO,
TSEM,
TSHA,
TSIB,
TSP,
TSVT,
TTCF,
TTD,
TTEC,
TTEK,
TTGT,
TTMI,
TTOO,
TTSH,
TTWO,
TUEM,
TUGC,
TURN,
TUSK,
TVAC,
TVTX,
TVTY,
TW,
TWCB,
TWIN,
TWKS,
TWLV,
TWNK,
TWOU,
TWST,
TXG,
TXMD,
TXN,
TXRH,
TYME,
TYRA,
TZOO,
TZPS,
UAL,
UBCP,
UBFO,
UBOH,
UBSI,
UBX,
UCBI,
UCL,
UCTT,
UDMY,
UEIC,
UEPS,
UFCS,
UFPI,
UFPT,
UG,
UGRO,
UHAL,
UIHC,
UK,
ULBI,
ULCC,
ULH,
ULTA,
UMBF,
UMPQ,
UNB,
UNIT,
UNTY,
UONE,
UONEK,
UPC,
UPLD,
UPST,
UPTD,
UPWK,
URBN,
URGN,
UROY,
USAK,
USAP,
USAU,
USCB,
USIO,
USLM,
USWS,
UTHR,
UTMD,
UTRS,
UVSP,
UXIN,
VABK,
VACC,
VALN,
VALU,
VAQC,
VAXX,
VBFC,
VBIV,
VBLT,
VBNK,
VBTX,
VC,
VCEL,
VCKA,
VCNX,
VCTR,
VCXA,
VCYT,
VECO,
VECT,
VELO,
VENA,
VEON,
VERA,
VERB,
VERI,
VERO,
VERU,
VERV,
VERX,
VERY,
VEV,
VFF,
VG,
VGFC,
VIA,
VIAC,
VIACA,
VIAV,
VICR,
VIEW,
VII,
VINC,
VINP,
VIOT,
VIR,
VIRC,
VIRT,
VIRX,
VISL,
VITL,
VIVO,
VJET,
VKTX,
VLAT,
VLCN,
VLDR,
VLGEA,
VLY,
VMAC,
VMAR,
VMD,
VMEO,
VNDA,
VNET,
VNOM,
VOD,
VOR,
VOXX,
VPCB,
VQS,
VRA,
VRAR,
VRAY,
VRCA,
VRDN,
VREX,
VRM,
VRNA,
VRNS,
VRNT,
VRRM,
VRSK,
VRSN,
VRTS,
VRTX,
VSAT,
VSEC,
VSTA,
VSTM,
VTAQ,
VTGN,
VTIQ,
VTNR,
VTRS,
VTRU,
VTSI,
VTVT,
VTYX,
VUZI,
VVOS,
VVPR,
VWE,
VWTR,
VXRT,
VYGR,
VYNE,
VYNT,
WABC,
WAFD,
WALD,
WASH,
WATT,
WB,
WBA,
WDAY,
WDC,
WDFC,
WEN,
WERN,
WETF,
WEYS,
WFCF,
WFRD,
WHF,
WILC,
WIMI,
WINA,
WING,
WINV,
WIRE,
WISH,
WIX,
WKEY,
WKHS,
WKME,
WKSP,
WLDN,
WLFC,
WLTW,
WMG,
WMPN,
WNEB,
WNW,
WOOF,
WPRT,
WRAP,
WRLD,
WSBC,
WSBF,
WSC,
WSFS,
WSTG,
WTBA,
WTER,
WTFC,
WTRH,
WVE,
WVVI,
WW,
WWD,
WYNN,
XAIR,
XBIT,
XEL,
XELA,
XENE,
XENT,
XERS,
XFOR,
XGN,
XLNX,
XLO,
XLRN,
XM,
XMTR,
XNCR,
XNET,
XOMA,
XOS,
XP,
XPAX,
XPDI,
XPEL,
XPER,
XRAY,
XRX,
XSPA,
XXII,
YELL,
YI,
YJ,
YMAB,
YNDX,
YORW,
YQ,
YSAC,
YTRA,
YY,
Z,
ZBRA,
ZD,
ZEAL,
ZENV,
ZEST,
ZEUS,
ZG,
ZGNX,
ZGYH,
ZI,
ZION,
ZIOP,
ZIXI,
ZLAB,
ZM,
ZNGA,
ZNTE,
ZNTL,
ZS,
ZSAN,
ZT,
ZUMZ,
ZVO,
ZWRK,
ZY,
ZYNE,
ZYXI,