A,
AA,
AAC,
AAIC,
AAN,
AAP,
AAQC,
AAT,
AB,
ABB,
ABC,
ABEV,
ABG,
ABM,
ABR,
AC,
ACA,
ACC,
ACCO,
ACEL,
ACH,
ACHR,
ACI,
ACII,
ACM,
ACP,
ACR,
ACRE,
ACRO,
ACV,
ADC,
ADCT,
ADEX,
ADF,
ADM,
ADNT,
ADS,
ADT,
ADX,
AEE,
AEG,
AEL,
AEM,
AENZ,
AEO,
AER,
AES,
AEVA,
AFB,
AFG,
AFL,
AFT,
AFTR,
AG,
AGAC,
AGCB,
AGCO,
AGD,
AGI,
AGL,
AGM,
AGO,
AGR,
AGRO,
AGS,
AGTI,
AGX,
AHH,
AHT,
AI,
AIF,
AIG,
AIN,
AIO,
AIR,
AIRC,
AIT,
AIV,
AIZ,
AJG,
AJRD,
AJX,
AKA,
AKR,
AL,
ALB,
ALC,
ALCC,
ALE,
ALEX,
ALG,
ALIT,
ALK,
ALL,
ALLE,
ALLY,
ALSN,
ALTG,
ALV,
ALX,
AM,
AMAM,
AMBC,
AMBP,
AMC,
AMCR,
AME,
AMG,
AMH,
AMK,
AMN,
AMOV,
AMP,
AMPI,
AMPY,
AMR,
AMRC,
AMRX,
AMT,
AMWL,
AMX,
AN,
ANAC,
ANET,
ANF,
ANTM,
ANVS,
AOD,
AOMR,
AON,
AOS,
AP,
APAM,
APD,
APG,
APGB,
APH,
APLE,
APO,
APRN,
APSG,
APTS,
APTV,
AQN,
AQUA,
AR,
ARC,
ARCH,
ARCO,
ARDC,
ARE,
ARES,
ARGO,
ARI,
ARIS,
ARL,
ARLO,
ARMK,
ARNC,
AROC,
ARR,
ARW,
ASA,
ASAI,
ASAN,
ASAQ,
ASB,
ASC,
ASG,
ASGI,
ASGN,
ASH,
ASIX,
ASPN,
ASR,
ASX,
ASZ,
ATA,
ATAQ,
ATC,
ATCO,
ATEN,
ATGE,
ATH,
ATHM,
ATHN,
ATI,
ATIP,
ATKR,
ATMR,
ATO,
ATR,
ATTO,
ATUS,
AU,
AUD,
AUS,
AUY,
AVA,
AVAL,
AVAN,
AVB,
AVD,
AVK,
AVLR,
AVNS,
AVNT,
AVTR,
AVY,
AVYA,
AWF,
AWI,
AWK,
AWP,
AWR,
AX,
AXL,
AXP,
AXR,
AXS,
AXTA,
AYI,
AYX,
AZEK,
AZO,
AZRE,
AZUL,
AZZ,
B,
BA,
BACA,
BAH,
BAK,
BALY,
BAM,
BAMR,
BANC,
BAP,
BARK,
BAX,
BB,
BBAR,
BBD,
BBDC,
BBDO,
BBL,
BBLN,
BBN,
BBU,
BBVA,
BBW,
BBWI,
BBY,
BC,
BCAT,
BCC,
BCE,
BCH,
BCO,
BCS,
BCSF,
BCX,
BDC,
BDJ,
BDN,
BDX,
BE,
BEDU,
BEKE,
BEN,
BEP,
BEPC,
BERY,
BEST,
BFAM,
BFK,
BFLY,
BFS,
BFZ,
BG,
BGB,
BGH,
BGIO,
BGR,
BGS,
BGSF,
BGSX,
BGT,
BGX,
BGY,
BH,
BHC,
BHE,
BHG,
BHIL,
BHK,
BHLB,
BHP,
BHR,
BHVN,
BIF,
BIG,
BILL,
BIO,
BIP,
BIPC,
BIT,
BITE,
BJ,
BK,
BKD,
BKE,
BKH,
BKI,
BKKT,
BKN,
BKR,
BKSY,
BKT,
BKU,
BLD,
BLDR,
BLE,
BLK,
BLL,
BLND,
BLUA,
BLW,
BLX,
BMA,
BME,
BMEZ,
BMI,
BMO,
BMY,
BNED,
BNL,
BNS,
BNY,
BOAC,
BOAS,
BODY,
BOE,
BOH,
BOOT,
BORR,
BOX,
BP,
BPMP,
BPT,
BQ,
BR,
BRBR,
BRC,
BRDG,
BRDS,
BRFS,
BRMK,
BRO,
BROS,
BRSP,
BRT,
BRW,
BRX,
BSAC,
BSAQ,
BSBR,
BSIG,
BSL,
BSM,
BSMX,
BSN,
BST,
BSTZ,
BSX,
BTA,
BTCM,
BTI,
BTO,
BTT,
BTU,
BTZ,
BUD,
BUI,
BUR,
BURL,
BV,
BVH,
BVN,
BW,
BWA,
BWG,
BWXT,
BX,
BXC,
BXMT,
BXMX,
BXP,
BXSL,
BY,
BYD,
BYM,
BZH,
C,
CAAP,
CABO,
CACI,
CADE,
CAE,
CAF,
CAG,
CAH,
CAJ,
CAL,
CALX,
CANG,
CANO,
CAPL,
CARR,
CARS,
CAS,
CAT,
CATO,
CB,
CBAH,
CBD,
CBH,
CBRE,
CBT,
CBU,
CBZ,
CC,
CCAC,
CCCS,
CCI,
CCJ,
CCK,
CCL,
CCM,
CCO,
CCS,
CCU,
CCV,
CCVI,
CDAY,
CDE,
CDR,
CDRE,
CE,
CEA,
CEE,
CEIX,
CEM,
CEN,
CEPU,
CEQP,
CF,
CFG,
CFR,
CFX,
CGA,
CGAU,
CHAA,
CHCT,
CHD,
CHE,
CHGG,
CHH,
CHMI,
CHN,
CHPT,
CHRA,
CHS,
CHT,
CHWY,
CI,
CIA,
CIAN,
CIB,
CIEN,
CIF,
CIG,
CII,
CIM,
CINR,
CINT,
CIO,
CION,
CIR,
CIT,
CIVI,
CIXX,
CL,
CLAA,
CLAS,
CLB,
CLBR,
CLDT,
CLF,
CLH,
CLI,
CLIM,
CLPR,
CLR,
CLS,
CLVT,
CLW,
CLX,
CM,
CMA,
CMC,
CMCM,
CMG,
CMI,
CMP,
CMRE,
CMS,
CMTG,
CMU,
CNA,
CNC,
CND,
CNDA,
CNF,
CNHI,
CNI,
CNK,
CNM,
CNMD,
CNNE,
CNO,
CNP,
CNQ,
CNR,
CNS,
CNVY,
CNX,
CO,
CODI,
COF,
COLD,
COMP,
COO,
COOK,
COP,
COR,
CORR,
CORS,
COTY,
COUR,
CP,
CPA,
CPAC,
CPB,
CPE,
CPF,
CPG,
CPK,
CPLG,
CPNG,
CPRI,
CPS,
CPSR,
CPT,
CPTK,
CPUH,
CR,
CRC,
CRH,
CRHC,
CRI,
CRK,
CRL,
CRS,
CRT,
CRU,
CRY,
CS,
CSAN,
CSL,
CSLT,
CSPR,
CSR,
CSTA,
CSTM,
CSV,
CTK,
CTLT,
CTO,
CTOS,
CTR,
CTRA,
CTS,
CTT,
CTVA,
CUBE,
CUBI,
CUK,
CULP,
CURO,
CURV,
CUZ,
CVA,
CVE,
CVEO,
CVI,
CVII,
CVNA,
CVS,
CW,
CWAN,
CWEN,
CWH,
CWK,
CWT,
CX,
CXE,
CXH,
CXM,
CXP,
CXW,
CYD,
CYH,
CZOO,
D,
DAC,
DAL,
DAN,
DAO,
DAR,
DASH,
DAVA,
DB,
DBD,
DBI,
DBL,
DBRG,
DCF,
DCI,
DCO,
DCP,
DD,
DDD,
DDF,
DDL,
DDS,
DE,
DEA,
DECK,
DEI,
DELL,
DEN,
DEO,
DESP,
DEX,
DFIN,
DFP,
DFS,
DG,
DGX,
DHF,
DHI,
DHT,
DHX,
DIAX,
DIDI,
DIN,
DK,
DKL,
DKS,
DLB,
DLNG,
DLR,
DLX,
DLY,
DM,
DMB,
DMO,
DMS,
DMYQ,
DMYS,
DNA,
DNB,
DNMR,
DNOW,
DNP,
DNZ,
DOC,
DOCN,
DOCS,
DOLE,
DOMA,
DOOR,
DOV,
DOW,
DPG,
DPZ,
DQ,
DRD,
DRE,
DRH,
DRI,
DRQ,
DS,
DSAQ,
DSL,
DSM,
DSU,
DSX,
DT,
DTC,
DTE,
DTF,
DTM,
DUK,
DV,
DVA,
DVD,
DVN,
DWIN,
DX,
DXC,
DY,
DYFN,
E,
EAF,
EARN,
EAT,
EB,
EBF,
EBR,
EBS,
EC,
ECC           ,
ECL,
ECOM          ,
ECVT,
ED,
EDD,
EDF,
EDI,
EDN,
EDR,
EDU,
EEA,
EEX,
EFC,
EFL,
EFR,
EFT,
EFX,
EGF,
EGGF,
EGHT,
EGO,
EGP,
EGY,
EHC,
EHI,
EIG,
EIX,
EL,
ELAN,
ELF,
ELP,
ELS,
ELVT,
ELY,
EMD,
EME,
EMF,
EMN,
EMO,
EMR,
ENB,
ENBL,
ENFN,
ENIA,
ENIC,
ENLC,
ENPC,
ENR,
ENS,
ENV,
ENVA,
ENZ,
EOCW,
EOD,
EOG,
EOI,
EOS,
EOT,
EPAC,
EPAM,
EPC,
EPD,
EPR,
EPRT,
EPWR,
EQC,
EQD,
EQH,
EQHA,
EQNR,
EQR,
EQT,
ERF,
ERJ,
ERO,
ES,
ESE,
ESGC,
ESI,
ESM,
ESMT,
ESNT,
ESRT,
ESS,
ESTC,
ESTE,
ET,
ETB,
ETD,
ETG,
ETJ,
ETN,
ETO,
ETR,
ETRN,
ETV,
ETW,
ETWO,
ETX           ,
ETY,
EURN,
EVA,
EVC,
EVF,
EVG,
EVH,
EVN,
EVR,
EVRG,
EVRI,
EVT,
EVTC,
EW,
EXD,
EXG,
EXK,
EXP,
EXPR,
EXR,
EXTN,
F,
FACA,
FACT,
FAF,
FAM,
FBC,
FBHS,
FBK,
FBP,
FBRT,
FC,
FCAX,
FCF,
FCN,
FCPT,
FCT,
FCX,
FDEU,
FDP,
FDX,
FE,
FEDU,
FEI           ,
FENG,
FEO,
FERG,
FET,
FF,
FFA,
FFC,
FGB,
FHI,
FHN,
FHS,
FICO,
FIF,
FIGS,
FINS,
FINV,
FIS,
FIV,
FIX,
FL,
FLAG,
FLC,
FLME,
FLNG,
FLO,
FLOW,
FLR,
FLS,
FLT,
FLYA,
FMAC,
FMC,
FMN,
FMO,
FMS,
FMX,
FMY,
FN,
FNA,
FNB,
FND,
FNF,
FNV,
FOA,
FOE,
FOF,
FOR,
FORG,
FOUR,
FPAC,
FPF,
FPH,
FPI,
FPL,
FR,
FRA,
FRC,
FREY,
FRO,
FRT,
FRXB,
FSD,
FSK,
FSLY,
FSM,
FSNB,
FSR,
FSS,
FST,
FT,
FTAI,
FTCH,
FTEV,
FTHY,
FTI,
FTK,
FTS,
FTV,
FUBO,
FUL,
FUN,
FVIV,
FVRR,
FVT,
FXLV,
FZT,
G,
GAB,
GAM,
GAPA,
GATO,
GATX,
GB,
GBAB,
GBL,
GBX,
GCI,
GCO,
GCP,
GCV,
GD,
GDDY,
GDL,
GDO,
GDOT,
GDV,
GE,
GEF,
GEL,
GENI,
GEO,
GER,
GES,
GF,
GFF,
GFI,
GFL,
GFOR,
GFX,
GGB,
GGG,
GGT,
GGZ,
GHC,
GHG,
GHL,
GHLD,
GHM,
GHY,
GIA,
GIB,
GIC,
GIL,
GIM,
GIS,
GKOS,
GL,
GLOB,
GLOP,
GLP,
GLT,
GLW,
GM,
GME,
GMED,
GMRE,
GMS,
GNE,
GNK,
GNL,
GNRC,
GNT,
GNW,
GOAC,
GOF,
GOL,
GOLD,
GOLF,
GOOS,
GOTU,
GPC,
GPI,
GPK,
GPMT,
GPN,
GPOR,
GPRK,
GPS,
GRC,
GRX,
GS,
GSBD,
GSK,
GSL,
GSQB,
GSQD,
GTES,
GTLS,
GTN,
GTS,
GTY,
GUT,
GVA,
GWB,
GWH,
GWRE,
GWW,
GXO,
H,
HAE,
HAL,
HASI,
HAYW,
HBB,
HBI,
HBM,
HCA,
HCC,
HCI,
HDB,
HE,
HEI,
HEP,
HEQ,
HES,
HESM,
HFC,
HFRO,
HGLB,
HGV,
HHC,
HHLA,
HI,
HIE,
HIG,
HIGA,
HII,
HIL,
HIMS,
HIO,
HIPO,
HIW,
HIX,
HKIB,
HL,
HLF,
HLI,
HLIO,
HLLY,
HLT,
HLX,
HMC,
HMLP,
HMN,
HMY,
HNGR,
HNI,
HNP,
HOG,
HOMB,
HOV,
HP,
HPE,
HPF,
HPI,
HPP,
HPQ,
HPS,
HPX,
HQH,
HQL,
HR,
HRB,
HRC,
HRI,
HRL,
HRT,
HRTG,
HSBC,
HSC,
HSY,
HT,
HTA,
HTD,
HTGC,
HTH,
HTPA,
HTY,
HUBB,
HUBS,
HUGS,
HUM,
HUN,
HUYA,
HVT,
HWM,
HXL,
HY,
HYB,
HYI,
HYLN,
HYT,
HZN,
HZO,
HZON,
IAA,
IACB,
IACC,
IAE,
IAG,
IBA,
IBER,
IBM,
IBN,
IBP,
ICE,
ICL,
IDA,
IDE,
IDT,
IEX,
IFF,
IFN,
IFS,
IGA,
IGD,
IGI,
IGR,
IGT,
IH,
IHC,
IHD,
IHG,
IHIT,
IHS,
IHTA,
IIAC,
IIF,
IIIN,
IIM,
IIPR,
IMAX,
IMPX,
INAQ,
INFA,
INFO,
INFY,
ING,
INGR,
INN,
INS,
INSI,
INSP,
INST,
INSW,
INT,
INVH,
IO,
IONQ,
IP,
IPG,
IPI,
IPOD,
IPOF,
IPVA,
IPVF,
IQI,
IQV,
IR,
IRL,
IRM,
IRNT,
IRS,
IRT,
IS,
ISD,
ISOS,
IT,
ITCB,
ITGR,
ITT,
ITUB,
ITW,
IVAN,
IVC,
IVH,
IVR,
IVT,
IVZ,
IX,
J,
JATT,
JBGS,
JBI,
JBL,
JBT,
JCE,
JCI,
JCO,
JEF,
JELD,
JEMD,
JEQ,
JFR,
JGH,
JHAA,
JHG,
JHI,
JHS,
JHX,
JILL,
JKS,
JLL,
JLS,
JMIA,
JMM,
JNPR,
JOBY,
JOE,
JOF,
JPC,
JPI,
JPS,
JPT,
JQC,
JRI,
JRO,
JRS,
JSD,
JWN,
JWSM,
JXN,
K,
KAHC,
KAI,
KAMN,
KAR,
KB,
KBH,
KBR,
KCGI,
KD,
KEN,
KEP,
KEX,
KEY,
KEYS,
KF,
KFS,
KFY,
KGC,
KIM,
KIND,
KIO,
KKR,
KL,
KLR,
KMB,
KMF,
KMI,
KMPR,
KMT,
KMX,
KN,
KNOP,
KNX,
KODK,
KOF,
KOP,
KORE,
KOS,
KR,
KRA,
KRC,
KREF,
KRG,
KRO,
KRP,
KSM,
KSS,
KSU,
KT,
KTB,
KTF,
KUKE,
KW,
KWAC,
KWR,
KYN,
L,
LAC,
LAD,
LADR,
LAW,
LAZ,
LBRT,
LC,
LCI,
LCII,
LDI,
LDOS,
LDP,
LEA,
LEAP,
LEG,
LEJU,
LEN,
LEO,
LEV,
LEVI,
LFC,
LFG,
LFT,
LGI,
LGV,
LH,
LHC,
LHX,
LICY,
LII,
LIN,
LITB,
LL,
LMND,
LMT,
LNC,
LND,
LNFA,
LNN,
LOCC,
LOCL,
LOKM,
LOMA,
LOW,
LPG,
LPI,
LPL,
LPX,
LRN,
LSI,
LSPD,
LTC,
LTH,
LTHM,
LU,
LUB,
LUMN,
LUV,
LVS,
LW,
LXP,
LXU,
LYB,
LYG,
LYV,
LZB,
M,
MAA,
MAC,
MACC,
MAIN,
MAN,
MANU,
MAS,
MATX,
MAV,
MAX,
MAXR,
MBAC,
MBI,
MBT,
MC,
MCA,
MCB,
MCD,
MCG,
MCI,
MCK,
MCN,
MCO,
MCR,
MCS,
MCW,
MCY,
MD,
MDC,
MDH,
MDP,
MDT,
MDU,
MEC,
MED,
MEG,
MEI,
MET,
MFA,
MFC,
MFD,
MFG,
MFGP,
MFL,
MFM,
MG,
MGA,
MGF,
MGM,
MGP,
MGU,
MGY,
MHD,
MHF,
MHI,
MHK,
MHN,
MHO,
MIC,
MIN,
MIR,
MIT,
MITT,
MIXT,
MIY,
MKC,
MKFG,
MKL,
ML,
MLI,
MLM,
MLNK,
MLP,
MLR,
MMC,
MMD,
MMI,
MMM,
MMP,
MMS,
MMT,
MMU,
MN,
MNP,
MNR,
MNRL,
MNSO,
MO,
MOD,
MODN,
MOGU,
MOH,
MOS,
MOTV,
MOV,
MP,
MPA,
MPC,
MPLN,
MPLX,
MPV,
MPW,
MPX,
MQT,
MQY,
MRC,
MRO,
MS,
MSA,
MSB,
MSC,
MSCI,
MSD,
MSGE,
MSGS,
MSI,
MSM,
MSP,
MT,
MTAL,
MTB,
MTD,
MTDR,
MTG,
MTH,
MTL,
MTN,
MTOR,
MTRN,
MTW,
MTX,
MTZ,
MUA,
MUC,
MUE,
MUFG,
MUI,
MUJ,
MUR,
MUSA,
MUX,
MVF,
MVO,
MVT,
MWA,
MX,
MXF,
MXL,
MYC,
MYD,
MYE,
MYI,
MYJ,
MYN,
MYOV,
MYTE,
NABL,
NAC,
NAD,
NAN,
NAPA,
NAT,
NAZ,
NBB,
NBHC,
NBR,
NC,
NCA,
NCLH,
NCR,
NCV,
NCZ,
NDMO,
NE,
NEA,
NEE,
NEM,
NEP,
NET,
NETI,
NEU,
NEV,
NEWR,
NEX,
NEXA,
NFG,
NFH,
NFJ,
NGC,
NGG,
NGL,
NGS,
NGVC,
NGVT,
NHI,
NI,
NID,
NIE,
NIM,
NIO,
NIQ,
NJR,
NKG,
NKX,
NL,
NLS,
NLSN,
NLY,
NM,
NMCO,
NMG,
NMI,
NMM,
NMR,
NMS,
NMT,
NMZ,
NNI,
NNN,
NNY,
NOA,
NOAH,
NOC,
NOK,
NOMD,
NOV,
NOVA,
NOW,
NP,
NPK,
NPO,
NPTN,
NPV,
NQP,
NR,
NRDY,
NREF,
NRG,
NRGX,
NRK,
NRP,
NRT,
NRZ,
NS,
NSA,
NSC,
NSL,
NSP,
NSR,
NSTB,
NSTC,
NSTD,
NTB,
NTCO,
NTG,
NTP,
NTR,
NTST,
NTZ,
NUE,
NUO,
NUS,
NUV,
NUVB,
NUW,
NVG,
NVGS,
NVR,
NVRO,
NVS,
NVST,
NVT,
NVTA,
NWG,
NWN,
NX,
NXC,
NXDT,
NXJ,
NXN,
NXP,
NXQ,
NXR,
NXRT,
NXU,
NYC,
NYCB,
NYT,
NZF,
O,
OACB,
OC,
OCA,
OCFT,
OCN,
ODC,
OEC,
OFC,
OFG,
OG,
OGE,
OGN,
OGS,
OHI,
OI,
OIA,
OII,
OIS,
OKE,
OLN,
OLO,
OLP,
OMC,
OMF,
OMI,
ONL,
ONON,
ONTF,
ONTO,
OOMA,
OPA,
OPAD,
OPFI,
OPP,
OPY,
OR,
ORA,
ORAN,
ORC,
ORCC,
ORI,
ORN,
OSCR,
OSG,
OSH,
OSI,
OSK,
OTIS,
OUST,
OUT,
OVV,
OWL,
OWLT,
OXM,
OXY,
PAC,
PACK,
PAG,
PAGS,
PAI,
PAM,
PAR,
PARR,
PATH,
PAY,
PAYC,
PB,
PBA,
PBF,
PBFX,
PBH,
PBI,
PBR,
PBT,
PCF,
PCG,
PCI,
PCK,
PCM,
PCN,
PCOR,
PCPC,
PCQ,
PD,
PDI,
PDM,
PDO,
PDOT,
PDS,
PDT,
PEAK,
PEB,
PEG,
PEI,
PEN,
PEO,
PFD,
PFGC,
PFL,
PFN,
PFO,
PFS,
PFSI,
PGP,
PGR,
PGRE,
PGTI,
PGZ,
PH,
PHD,
PHG,
PHI,
PHK,
PHM,
PHR,
PHT,
PHX,
PIAI,
PICC,
PII,
PIM,
PINE,
PING,
PINS,
PIPP,
PIPR,
PJT,
PK,
PKE,
PKG,
PKI,
PKO,
PKX,
PLAN,
PLD,
PLNT,
PLOW,
PLTR,
PLYM,
PM,
PMF,
PML,
PMM,
PMO,
PMT,
PMVC,
PMX,
PNC,
PNF,
PNI,
PNM,
PNR,
PNTM,
PNW,
POLY,
POND,
POR,
POST,
PPG,
PPL,
PPT,
PRA,
PRG,
PRGO,
PRI,
PRLB,
PRM,
PRMW,
PRO,
PRPB,
PRPC,
PRS,
PRT,
PRTY,
PRU,
PSA,
PSB,
PSF,
PSFE,
PSN,
PSO,
PSPC,
PSTG,
PSTH,
PSTL,
PSX,
PSXP,
PTA,
PTR,
PTY,
PUK,
PUMP,
PV,
PVG,
PVH,
PVL,
PWR,
PWSC,
PX,
PXD,
PYN,
PZC,
PZN,
QD,
QFTA,
QGEN,
QS,
QSR,
QTWO,
QUAD,
QUOT,
R,
RA,
RAAS,
RACE,
RAD,
RAMP,
RBA,
RBAC,
RBLX,
RBOT,
RC,
RCI,
RCL,
RCS,
RCUS,
RDN,
RDW,
RDY,
RE,
RELX,
RENN,
RERE,
RES,
REV,
REVG,
REX,
REXR,
REZI,
RF,
RFI,
RFL,
RFM,
RFMZ,
RFP,
RGA,
RGR,
RGS,
RGT,
RH,
RHI,
RHP,
RIG,
RIO,
RIV,
RJF,
RKLY,
RKT,
RKTA,
RL,
RLGY,
RLI,
RLJ,
RLX,
RM,
RMAX,
RMD,
RMI,
RMM,
RMO,
RMT,
RNG,
RNGR,
RNP,
RNR,
ROG,
ROK,
ROL,
RONI,
ROP,
ROSS,
RPM,
RPT,
RQI,
RRC,
RRD,
RRX,
RS,
RSF,
RSG,
RSI,
RSKD,
RTX,
RVI,
RVLV,
RVT,
RWT,
RY,
RYAM,
RYAN,
RYB,
RYI,
RYN,
S,
SA,
SAFE,
SAH,
SAIC,
SAIL,
SAM,
SAN,
SAND          ,
SAP,
SAR,
SAVE,
SB,
SBH,
SBI,
SBII,
SBOW,
SBR,
SBS,
SBSW,
SC,
SCCO,
SCD,
SCHW,
SCI,
SCL,
SCM,
SCS,
SCU,
SCVX,
SCX,
SD,
SDHY,
SE,
SEAH,
SEAS,
SEE,
SEM,
SEMR,
SF,
SFBS,
SFE,
SFL,
SG,
SGFY,
SGU,
SHAK,
SHG,
SHI,
SHLX,
SHO,
SHPW,
SHW,
SI,
SID,
SIG,
SII,
SITC,
SITE,
SIX,
SJI,
SJM,
SJR,
SJT,
SJW,
SKE,
SKIL,
SKLZ,
SKM,
SKT,
SKX,
SKY,
SLAC,
SLB,
SLCA,
SLF,
SLG,
SLQT,
SLVM,
SM,
SMAR,
SMFG,
SMG,
SMHI,
SMLP,
SMM,
SMP,
SMRT,
SMWB,
SNA,
SNAP,
SNDA,
SNDR,
SNII,
SNN,
SNOW,
SNP,
SNV,
SNX,
SO,
SOI,
SOL,
SON,
SONX,
SONY,
SOR,
SOS,
SPAQ,
SPB,
SPCE,
SPE,
SPG,
SPGI,
SPGS,
SPH,
SPIR,
SPLP,
SPNT,
SPOT,
SPR,
SPXC,
SPXX,
SQ,
SQM,
SQNS,
SQSP,
SQZ,
SR,
SRC,
SRE,
SRG,
SRI,
SRL,
SRLP,
SRT,
SRV,
SSD,
SSL,
SSTK,
ST,
STAG,
STAR          ,
STC,
STE,
STEM,
STG,
STK,
STL,
STLA,
STM,
STN,
STNG,
STON,
STOR,
STRE,
STT,
STVN,
STWD,
STZ,
SU,
SUI,
SUM,
SUN,
SUNL,
SUP,
SUPV,
SUZ,
SWCH,
SWI,
SWK,
SWM,
SWN,
SWX,
SWZ,
SXC,
SXI,
SXT,
SYF,
SYK,
SYY,
SZC,
T,
TAC,
TACA,
TAK,
TAL,
TALO,
TAP,
TARO,
TBI,
TCI,
TCS,
TD,
TDC,
TDCX,
TDF,
TDG,
TDOC,
TDS,
TDW,
TDY,
TEAF,
TECK,
TEF,
TEI,
TEL,
TEN,
TEO,
TEVA,
TEX,
TFC,
TFII,
TFX,
TG,
TGH,
TGI,
TGNA,
TGP,
TGS,
TGT,
THC,
THG,
THO,
THQ,
THR,
THS,
THW,
TIMB,
TINV,
TIXT,
TJX,
TK,
TKC,
TKR,
TLGA,
TLK,
TLYS,
TMAC,
TME,
TMHC,
TMST,
TMX,
TNC,
TNET,
TNK,
TNL,
TNP,
TOL,
TOST,
TPB,
TPC,
TPGS,
TPGY,
TPH,
TPL,
TPR,
TPVG,
TPX,
TPZ,
TR,
TRC,
TRCA,
TREB,
TREC,
TREX,
TRGP,
TRI,
TRN,
TRNO,
TROX,
TRP,
TRQ,
TRTL,
TRTN,
TRTX,
TRU,
TRV,
TS,
TSE,
TSI,
TSLX,
TSN,
TSPQ,
TSQ,
TT,
TTC,
TTE,
TTI,
TTM,
TTP,
TU,
TUFN,
TUP,
TUYA,
TV,
TWI,
TWLO,
TWN,
TWND,
TWNI,
TWNT,
TWO,
TWOA,
TWTR,
TX,
TXT,
TY,
TYG,
TYL,
U,
UA,
UAA,
UAN,
UBA,
UBER,
UBP,
UBS,
UDR,
UE,
UFI,
UFS,
UGI,
UGP,
UHS,
UHT,
UI,
UIS,
UL,
UMC,
UMH,
UNF,
UNFI,
UNM,
UNP,
UNVR,
UP,
UPH,
UPS,
URI,
USA,
USAC,
USB,
USDP,
USER,
USFD,
USM,
USNA,
USPH,
USX,
UTF,
UTI,
UTL,
UTZ,
UVE,
UVV,
UWMC,
VAC,
VAL,
VALE,
VAPO,
VATE,
VBF,
VCIF,
VCRA,
VCV,
VEC,
VEEV,
VEL,
VET,
VFC,
VGI,
VGII,
VGM,
VGR,
VHC,
VHI,
VIAO,
VICI,
VIPS,
VIST,
VIV,
VKQ,
VLD,
VLN,
VLO,
VLRS,
VLT,
VLTA,
VMC,
VMI,
VMO,
VMW,
VNCE,
VNE,
VNO,
VNT,
VNTR,
VOC,
VOYA,
VPCC,
VPG,
VPV,
VRS,
VRT,
VRTV,
VSCO,
VSH,
VST,
VSTO,
VTEX,
VTN,
VTOL,
VTR,
VVI,
VVNT,
VVR,
VVV,
VYGG,
VZIO,
W,
WAB,
WAL,
WARR,
WAT,
WBK,
WBS,
WBT,
WBX,
WCC,
WCN,
WD,
WDH,
WE,
WEA,
WEAV,
WEBR,
WEC,
WEI,
WELL,
WES,
WEX,
WF,
WFG,
WGO,
WH,
WHD,
WHG,
WHR,
WIA,
WIT,
WIW,
WK,
WLK,
WLKP,
WLL,
WM,
WMB,
WMC,
WMK,
WMS,
WNC,
WNS,
WOLF,
WOR,
WOW,
WPC,
WPCA,
WPCB,
WPM,
WPP,
WQGA,
WRAC,
WRB,
WRBY,
WRE,
WRK,
WSM,
WSO,
WSR,
WST,
WTI,
WTM,
WTRG,
WTS,
WTTR,
WU,
WWE,
WWW,
WY,
X,
XFLT,
XHR,
XIN,
XL,
XPEV,
XPO,
XPOA,
XPOF,
XPRO,
XYF,
XYL,
Y,
YAC,
YALA,
YELP,
YETI,
YEXT,
YMM,
YOU,
YPF,
YRD,
YSG,
YTPG,
YUM,
YUMC,
ZBH,
ZEN,
ZEPP,
ZETA,
ZEV,
ZH,
ZIM,
ZIP,
ZME,
ZNH,
ZTO,
ZTR,
ZTS,
ZUO,
ZVIA,
ZWS,
ZYME,